{
    "mixer": {
        "init_liquid_volume": 1.5032313645856549e-07
    },
    "tubing_pre_injection": {
        "length": 0.8255833992011641,
        "diameter": 0.00075,
        "axial_dispersion": 0.0,
        "discretization": {
            "ncol": 100
        }
    },
    "sample_loop": {
        "discretization": {
            "ncol": 100
        }
    },
    "tubing_pre_column": {
        "length": 0.8483306436986707,
        "diameter": 0.00075,
        "axial_dispersion": 0.0011689287742348493,
        "discretization": {
            "ncol": 100
        }
    },
    "column": {
        "axial_dispersion": {
            "Acetone": 1.2262952384605482e-08,
            "Blue Dextran": 1.7529356825843783e-07,
            "Lysozyme": 1.2876736840355468e-07,
            "Salt": 1e-08,
            "NaOH": 1e-08
        },
        "bed_porosity": 0.2962941755359434,
        "particle_radius": 1.7e-05,
        "particle_porosity": 0.7553226297207032,
        "film_diffusion": {
            "Acetone": 1.0,
            "Blue Dextran": 0,
            "Lysozyme": 1.0,
            "Salt": 1.0,
            "NaOH": 1.0
        },
        "pore_diffusion": {
            "Acetone": 1e-09,
            "Blue Dextran": 0,
            "Lysozyme": 1e-06,
            "Salt": 1e-06,
            "NaOH": 1e-06
        },
        "binding_model": {
            "adsorption_rate": {
                "Lysozyme": 0.14238212730748262,
                "Salt": 1.0
            },
            "desorption_rate": {
                "Lysozyme": 1,
                "Salt": 1
            },
            "characteristic_charge": {
                "Lysozyme": 5.808539511589841,
                "Salt": 1.0
            },
            "steric_factor": {
                "Lysozyme": 0.0,
                "Salt": 0.0
            }
        },
        "discretization": {
            "ncol": 100
        }
    },
    "tubing_post_column": {
        "length": 0.3814411381809893,
        "diameter": 0.00075,
        "axial_dispersion": 0.0009328150300930432,
        "discretization": {
            "ncol": 100
        }
    },
    "tubing_detectors": {
        "length": 1.3490959284299384,
        "diameter": 0.00075,
        "axial_dispersion": 0.0001050526922699034,
        "discretization": {
            "ncol": 100
        }
    },
    "total_capacity": 0.0007654719700880199,
    "prior_branch_name": "2025-11-28_14-05-10_main_281bffa",
    "case": "e9_lrmp_4_cv"
}